Action,EntityType,EntityID,ChangedBy,ChangedOn,Details
Create,Employee,EMP0008,katarina.bielikova@contoso.sk,2026-06-04T07:04,Založený profil zamestnanca Tomáš Sokol (EMP0008).
Create,TrainingRecord,TR-0250,katarina.bielikova@contoso.sk,2026-05-25T08:04,Pridaný záznam školenia 'Ochrana pred požiarmi' pre zamestnanca Filip Baláž (EMP0037).
Create,Employee,EMP0034,katarina.bielikova@contoso.sk,2026-05-22T14:12,Založený profil zamestnanca Štefan Lukáč (EMP0034).
Create,TrainingRecord,TR-0170,katarina.bielikova@contoso.sk,2026-05-20T14:55,Pridaný záznam školenia 'Vodič referentského vozidla' pre zamestnanca Kristína Bednárová (EMP0024).
Create,TrainingRecord,TR-0226,katarina.bielikova@contoso.sk,2026-05-12T09:20,Pridaný záznam školenia 'Ochrana pred požiarmi' pre zamestnanca Štefan Lukáč (EMP0034).
Create,TrainingRecord,TR-0198,katarina.bielikova@contoso.sk,2026-05-11T12:46,Pridaný záznam školenia 'Ochrana pred požiarmi' pre zamestnanca Adriana Nováková (EMP0029).
Create,TrainingRecord,TR-0174,katarina.bielikova@contoso.sk,2026-05-06T16:24,Pridaný záznam školenia 'Ochrana pred požiarmi' pre zamestnanca Jana Horváthová (EMP0025).
Create,TrainingRecord,TR-0195,katarina.bielikova@contoso.sk,2026-05-02T09:58,Pridaný záznam školenia 'Prezentačné zručnosti' pre zamestnanca Simona Šusterová (EMP0028).
Create,TrainingRecord,TR-0321,katarina.bielikova@contoso.sk,2026-04-30T10:49,Pridaný záznam školenia 'BOZP – vstupné školenie' pre zamestnanca Lenka Čierna (EMP0047).
Create,TrainingRecord,TR-0258,katarina.bielikova@contoso.sk,2026-04-24T10:51,Pridaný záznam školenia 'BOZP – vstupné školenie' pre zamestnanca Zuzana Gajdošová (EMP0038).
Create,TrainingRecord,TR-0241,katarina.bielikova@contoso.sk,2026-04-23T07:38,Pridaný záznam školenia 'BOZP – vstupné školenie' pre zamestnanca Juraj Fabian (EMP0036).
Create,TrainingRecord,TR-0078,katarina.bielikova@contoso.sk,2026-04-16T15:12,Pridaný záznam školenia 'Ochrana pred požiarmi' pre zamestnanca Igor Bednár (EMP0012).
Create,TrainingRecord,TR-0254,katarina.bielikova@contoso.sk,2026-04-15T14:16,Pridaný záznam školenia 'Práca vo výškach' pre zamestnanca Filip Baláž (EMP0037).
Create,TrainingRecord,TR-0074,katarina.bielikova@contoso.sk,2026-04-15T11:23,Pridaný záznam školenia 'Prvá pomoc na pracovisku' pre zamestnanca Monika Šusterová (EMP0011).
Update,Employee,EMP0033,katarina.bielikova@contoso.sk,2026-04-14T10:06,Zmena stavu zamestnanca Petra Kováčiková na Inactive (soft-delete).
Create,TrainingRecord,TR-0080,katarina.bielikova@contoso.sk,2026-04-13T12:48,Pridaný záznam školenia 'Kybernetická bezpečnosť' pre zamestnanca Igor Bednár (EMP0012).
Create,TrainingRecord,TR-0270,katarina.bielikova@contoso.sk,2026-04-13T12:18,Pridaný záznam školenia 'Kybernetická bezpečnosť' pre zamestnanca Dušan Gajdoš (EMP0040).
Create,TrainingRecord,TR-0303,katarina.bielikova@contoso.sk,2026-04-04T10:24,Pridaný záznam školenia 'Kybernetická bezpečnosť' pre zamestnanca Dominika Balážová (EMP0044).
Create,TrainingRecord,TR-0042,katarina.bielikova@contoso.sk,2026-03-25T11:46,Pridaný záznam školenia 'Etický kódex a compliance' pre zamestnanca Milan Urban (EMP0006).
Create,TrainingRecord,TR-0052,katarina.bielikova@contoso.sk,2026-03-23T13:29,Pridaný záznam školenia 'ISO 9001 interný audítor' pre zamestnanca Eva Tóthová (EMP0007).
Create,TrainingRecord,TR-0169,katarina.bielikova@contoso.sk,2026-03-23T12:17,Pridaný záznam školenia 'Etický kódex a compliance' pre zamestnanca Kristína Bednárová (EMP0024).
Create,TrainingRecord,TR-0274,katarina.bielikova@contoso.sk,2026-03-22T15:03,Pridaný záznam školenia 'Prvá pomoc na pracovisku' pre zamestnanca Dušan Gajdoš (EMP0040).
Create,TrainingRecord,TR-0210,katarina.bielikova@contoso.sk,2026-03-21T10:16,Pridaný záznam školenia 'BOZP – vstupné školenie' pre zamestnanca Roman Rybár (EMP0031).
Create,TrainingRecord,TR-0008,katarina.bielikova@contoso.sk,2026-03-16T08:50,Pridaný záznam školenia 'Anglický jazyk B2 – konverzácie' pre zamestnanca Katarína Bieliková (EMP0001).
Create,TrainingRecord,TR-0136,katarina.bielikova@contoso.sk,2026-03-13T12:59,Pridaný záznam školenia 'Ochrana pred požiarmi' pre zamestnanca Richard Horváth (EMP0020).
Create,TrainingRecord,TR-0163,katarina.bielikova@contoso.sk,2026-03-09T14:55,Pridaný záznam školenia 'Excel pre pokročilých' pre zamestnanca Štefan Gajdoš (EMP0023).
Create,Employee,EMP0031,katarina.bielikova@contoso.sk,2026-03-08T12:23,Založený profil zamestnanca Roman Rybár (EMP0031).
Create,Employee,EMP0019,katarina.bielikova@contoso.sk,2026-03-05T11:54,Založený profil zamestnanca Matúš Krajčí (EMP0019).
Create,Employee,EMP0011,katarina.bielikova@contoso.sk,2026-03-01T16:44,Založený profil zamestnanca Monika Šusterová (EMP0011).
Create,TrainingRecord,TR-0065,katarina.bielikova@contoso.sk,2026-03-01T16:42,Pridaný záznam školenia 'Etický kódex a compliance' pre zamestnanca Marek Molnár (EMP0010).
Create,TrainingRecord,TR-0204,katarina.bielikova@contoso.sk,2026-02-24T12:11,Pridaný záznam školenia 'BOZP – vstupné školenie' pre zamestnanca Pavol Fabian (EMP0030).
Create,TrainingRecord,TR-0039,katarina.bielikova@contoso.sk,2026-02-21T09:54,Pridaný záznam školenia 'Ochrana pred požiarmi' pre zamestnanca Milan Urban (EMP0006).
Create,TrainingRecord,TR-0196,katarina.bielikova@contoso.sk,2026-02-19T08:58,Pridaný záznam školenia 'Power BI základy' pre zamestnanca Simona Šusterová (EMP0028).
Create,TrainingRecord,TR-0019,katarina.bielikova@contoso.sk,2026-02-15T16:58,Pridaný záznam školenia 'GDPR a ochrana osobných údajov' pre zamestnanca Martina Kováčová (EMP0003).
Create,TrainingRecord,TR-0234,katarina.bielikova@contoso.sk,2026-02-15T09:03,Pridaný záznam školenia 'Ochrana pred požiarmi' pre zamestnanca Silvia Sedláková (EMP0035).
Create,TrainingRecord,TR-0320,katarina.bielikova@contoso.sk,2026-02-14T07:13,Pridaný záznam školenia 'Anglický jazyk B2 – konverzácie' pre zamestnanca Mária Nováková (EMP0046).
Create,Employee,EMP0017,katarina.bielikova@contoso.sk,2026-01-24T15:31,Založený profil zamestnanca Igor Polák (EMP0017).
Create,Employee,EMP0018,katarina.bielikova@contoso.sk,2026-01-19T11:55,Založený profil zamestnanca Michal Molnár (EMP0018).
Create,Employee,EMP0030,katarina.bielikova@contoso.sk,2026-01-18T11:02,Založený profil zamestnanca Pavol Fabian (EMP0030).
Create,Employee,EMP0022,katarina.bielikova@contoso.sk,2025-12-20T13:30,Založený profil zamestnanca Monika Čierna (EMP0022).
